{"inputUnits":[48],"outputUnits":6,"inputs":{"0":{"dtype":"number","min":1700.81640625,"max":5647.0390625},"1":{"dtype":"number","min":2.1438949320608787,"max":2249.8768946306177},"2":{"dtype":"number","min":2.094735296219116,"max":1427.8004243640391},"3":{"dtype":"number","min":1.5822971024361847,"max":1297.2611266259194},"4":{"dtype":"number","min":1.7575670731788962,"max":730.3506313248946},"5":{"dtype":"number","min":1.5512643133501949,"max":742.8398012140277},"6":{"dtype":"number","min":1.4720633160512049,"max":496.89639179166863},"7":{"dtype":"number","min":1.3586079418731591,"max":570.7504650748199},"8":{"dtype":"number","min":1.4006291764365542,"max":439.71653784198463},"9":{"dtype":"number","min":1.320675417584015,"max":402.6609575137687},"10":{"dtype":"number","min":1.3098663918794347,"max":395.0389763786033},"11":{"dtype":"number","min":1.324961711687659,"max":298.27695883821224},"12":{"dtype":"number","min":1.1780821607758574,"max":285.18109929335805},"13":{"dtype":"number","min":1.1376563878084962,"max":199.7852230804538},"14":{"dtype":"number","min":1.0949998429091157,"max":264.71241747229436},"15":{"dtype":"number","min":0.9286066698701315,"max":216.1216456180835},"16":{"dtype":"number","min":0.4920999874398978,"max":161.32026747689224},"17":{"dtype":"number","min":0.9034557386121446,"max":179.21837794451966},"18":{"dtype":"number","min":0.6586125156619131,"max":172.87829213291857},"19":{"dtype":"number","min":0.6557554572143293,"max":154.38007948072647},"20":{"dtype":"number","min":0.7684511092342151,"max":174.13023652596996},"21":{"dtype":"number","min":0.9384559802632524,"max":134.57532671264397},"22":{"dtype":"number","min":0.5935046896063124,"max":145.08163388796783},"23":{"dtype":"number","min":0.7829423103805508,"max":122.50427413585213},"24":{"dtype":"number","min":0.5802986562864584,"max":135.91657382081215},"25":{"dtype":"number","min":0.5734358011249432,"max":149.33746283880464},"26":{"dtype":"number","min":0.5742416822285397,"max":115.24124673617922},"27":{"dtype":"number","min":0.47981357287742776,"max":131.59289628945714},"28":{"dtype":"number","min":0.469299875183029,"max":129.62254128995772},"29":{"dtype":"number","min":0.52322104114545,"max":116.67647994380039},"30":{"dtype":"number","min":0.589238426942518,"max":138.61290186968967},"31":{"dtype":"number","min":0.6634263370900546,"max":104.04584979589137},"32":{"dtype":"number","min":0.46511067787994725,"max":126.06993530762463},"33":{"dtype":"number","min":0.5158796662545024,"max":126.45279149870423},"34":{"dtype":"number","min":0.5666923385989981,"max":115.8716239576629},"35":{"dtype":"number","min":0.3255346639952617,"max":95.40199207421149},"36":{"dtype":"number","min":0.6308251392768863,"max":117.28335242970687},"37":{"dtype":"number","min":0.6659525851178703,"max":121.46924714271071},"38":{"dtype":"number","min":0.5238317759736942,"max":135.26142159819744},"39":{"dtype":"number","min":0.3960110968412816,"max":130.13613797098725},"40":{"dtype":"number","min":0.553720606520135,"max":142.6165133205418},"41":{"dtype":"number","min":0.3932571057754848,"max":174.07299567196048},"42":{"dtype":"number","min":0.40835296463314913,"max":133.08265769735468},"43":{"dtype":"number","min":0.371329343135207,"max":146.4617435146048},"44":{"dtype":"number","min":0.45035662462129233,"max":138.11287797978522},"45":{"dtype":"number","min":0.5043428968420689,"max":224.17649406490116},"46":{"dtype":"number","min":0.49167581151229767,"max":175.0282106507958},"47":{"dtype":"number","min":0.4956298801135414,"max":246.37093305853497}},"outputs":{"0":{"dtype":"string","min":0,"max":1,"uniqueValues":["b","j","c","n","d","a"],"legend":{"b":[1,0,0,0,0,0],"j":[0,1,0,0,0,0],"c":[0,0,1,0,0,0],"n":[0,0,0,1,0,0],"d":[0,0,0,0,1,0],"a":[0,0,0,0,0,1]}}},"isNormalized":true}